<?xml version="1.0" encoding="UTF-8"?>
<!DOCTYPE hibernate-configuration PUBLIC "-//Hibernate/Hibernate Configuration DTD 3.0//EN"
                                         "http://hibernate.sourceforge.net/hibernate-configuration-3.0.dtd">
<hibernate-configuration>
	<session-factory>
		<property name="hibernate.connection.driver_class">com.mysql.jdbc.Driver</property>
		<property name="hibernate.connection.url">jdbc:mysql://clouddb.cfaiyee81gee.us-east-1.rds.amazonaws.com/clouddb</property>
		<property name="hibernate.connection.username">root</property>
		<property name="hibernate.connection.password">rootroot</property>

		<property name="hibernate.hbm2ddl.auto">update</property>
		<property name="hibernate.dialect">org.hibernate.dialect.MySQLDialect</property>
		<property name="hibernate.show_sql">true</property>
		
		<mapping class="com.neu.spring.pojo.Admin"/>
	    <mapping class="com.neu.spring.pojo.Car"/>
		<mapping class="com.neu.spring.pojo.Customer"/> 
	    <mapping class="com.neu.spring.pojo.Payment"/>
	    <mapping class="com.neu.spring.pojo.Person"/>
	    <mapping class="com.neu.spring.pojo.Reservation"/>
	 	<mapping class="com.neu.spring.pojo.Useraccount"/> 
	 	
	</session-factory>
</hibernate-configuration>